Wah Mee Silk Screen,wahmeesilkscreen@gmail.com
Singapore Anti-Narcotics Association,sana@sana.org.sg
O School,info@oschool.com.sg
Converge Studios,enquiries@convergestudios.sg
Legacy Dance Co.,contact@legacydanceco.com.sg
Danz People,dance@danzpeople.com
Yellow Cab Pizza Co.,clintonstbakingsg@chanintr.com
The Wine Company,info@thewinecompany.com.sg
The Improv Company (The Den),contact@improv.sg
Hupleongco,sales_sq@hupleong.com
The Dive Company,info@thedivecompany.com.sg
ETTE TEA COMPANY,nihao@ettetea.com
Singapore Darts Store,sgdartsstore@gmail.com
Takashimaya Department Store,contact-csc@takashimaya.com.sg
Leica Store Singapore,enquiry@leica-store.sg
Mskinny Singapore,mskinnyco@gmail.com
Secong Singapore Store,nikoboco90@gmail.com
Make Up Store,marketing@makeupstore.sg
Kinky,askkinky@gmail.com
Only Sweet Cafe,Payment@onlysweetcafe.com
Good Dog People,hello@gooddogpeople.com
The Travel Store,marcom@thetravelstore.com.sg
ecostore,info@ecostore.sg
Sample Store,help@samplestore.com
Lifestorey,dempsey@lifestorey.com
Petite Fleur Singapore,enquiry@petitefleursg.com
